<?xml version="1.0" ?>
<updates>
	<update>
		<name>Joomla! 3.6.3 Nightly Build</name>
		<description>Joomla! CMS</description>
		<element>joomla</element>
		<type>file</type>
		<version>3.6.3-nightly</version>
		<infourl title="Joomla! Nightly Builds">https://developer.joomla.org/nightly-builds.html</infourl>
		<downloads>
			<downloadurl type="full" format="zip">https://developer.joomla.org/nightlies/Joomla_3.6.3-dev-Development-Update_Package.zip</downloadurl>
		</downloads>
		<tags>
			<tag>dev</tag>
		</tags>
		<maintainer>Joomla! PLT</maintainer>
		<maintainerurl>https://www.joomla.org</maintainerurl>
		<targetplatform name="joomla" version="3.[456789]" />
	</update>
</updates>

